state,city,aqi,prediction_high,prediction_model,weather_days,status,error
Andaman and Nicobar Islands,Mayabunder,,,Unavailable — current AQI unknown,7,check,AQI unavailable; prediction unavailable
Andaman and Nicobar Islands,Port Blair,557,500,RandomForestRegressor,7,ok,
Andaman and Nicobar Islands,Rangat,,,Unavailable — current AQI unknown,7,check,AQI unavailable; prediction unavailable
Andhra Pradesh,Guntur,60,90,RandomForestRegressor,7,ok,
Andhra Pradesh,Kakinada,53,88,RandomForestRegressor,7,ok,
Andhra Pradesh,Kurnool,40,87,RandomForestRegressor,7,ok,
Andhra Pradesh,Nellore,68,93,RandomForestRegressor,7,ok,
Andhra Pradesh,Rajahmundry,86,95,RandomForestRegressor,7,ok,
Andhra Pradesh,Tirupati,79,92,RandomForestRegressor,7,ok,
Andhra Pradesh,Vijayawada,92,98,RandomForestRegressor,7,ok,
Andhra Pradesh,Visakhapatnam,145,150,RandomForestRegressor,7,ok,
Arunachal Pradesh,Itanagar,,,Unavailable — current AQI unknown,7,check,AQI unavailable; prediction unavailable
Arunachal Pradesh,Naharlagun,,,Unavailable — current AQI unknown,7,check,AQI unavailable; prediction unavailable
Arunachal Pradesh,Pasighat,,,Unavailable — current AQI unknown,7,check,AQI unavailable; prediction unavailable
Arunachal Pradesh,Tawang,,,Unavailable — current AQI unknown,7,check,AQI unavailable; prediction unavailable
Arunachal Pradesh,Ziro,,,Unavailable — current AQI unknown,7,check,AQI unavailable; prediction unavailable
Assam,Dibrugarh,,,Unavailable — current AQI unknown,7,check,AQI unavailable; prediction unavailable
Assam,Guwahati,,,Unavailable — current AQI unknown,7,check,AQI unavailable; prediction unavailable
Assam,Jorhat,,,Unavailable — current AQI unknown,7,check,AQI unavailable; prediction unavailable
Assam,Nagaon,,,Unavailable — current AQI unknown,7,check,AQI unavailable; prediction unavailable
Assam,Silchar,,,Unavailable — current AQI unknown,7,check,AQI unavailable; prediction unavailable
Assam,Tezpur,,,Unavailable — current AQI unknown,7,check,AQI unavailable; prediction unavailable
Bihar,Ara,,,Unavailable — current AQI unknown,7,check,AQI unavailable; prediction unavailable
Bihar,Bhagalpur,,,Unavailable — current AQI unknown,7,check,AQI unavailable; prediction unavailable
Bihar,Darbhanga,,,Unavailable — current AQI unknown,7,check,AQI unavailable; prediction unavailable
Bihar,Gaya,,,Unavailable — current AQI unknown,7,check,AQI unavailable; prediction unavailable
Bihar,Muzaffarpur,,,Unavailable — current AQI unknown,7,check,AQI unavailable; prediction unavailable
Bihar,Patna,,,Unavailable — current AQI unknown,7,check,AQI unavailable; prediction unavailable
Bihar,Purnia,,,Unavailable — current AQI unknown,7,check,AQI unavailable; prediction unavailable
Chandigarh,Chandigarh,,,Unavailable — current AQI unknown,7,check,AQI unavailable; prediction unavailable
Chhattisgarh,Bhilai,,,Unavailable — current AQI unknown,7,check,AQI unavailable; prediction unavailable
Chhattisgarh,Bilaspur,,,Unavailable — current AQI unknown,7,check,AQI unavailable; prediction unavailable
Chhattisgarh,Durg,,,Unavailable — current AQI unknown,7,check,AQI unavailable; prediction unavailable
Chhattisgarh,Korba,,,Unavailable — current AQI unknown,7,check,AQI unavailable; prediction unavailable
Chhattisgarh,Raigarh,,,Unavailable — current AQI unknown,7,check,AQI unavailable; prediction unavailable
Chhattisgarh,Raipur,,,Unavailable — current AQI unknown,7,check,AQI unavailable; prediction unavailable
Dadra and Nagar Haveli and Daman and Diu,Daman,,,Unavailable — current AQI unknown,7,check,AQI unavailable; prediction unavailable
Dadra and Nagar Haveli and Daman and Diu,Diu,,,Unavailable — current AQI unknown,7,check,AQI unavailable; prediction unavailable
Dadra and Nagar Haveli and Daman and Diu,Silvassa,,,Unavailable — current AQI unknown,7,check,AQI unavailable; prediction unavailable
Delhi,Dwarka,,,Unavailable — current AQI unknown,7,check,AQI unavailable; prediction unavailable
Delhi,Karol Bagh,,,Unavailable — current AQI unknown,7,check,AQI unavailable; prediction unavailable
Delhi,Narela,,,Unavailable — current AQI unknown,7,check,AQI unavailable; prediction unavailable
Delhi,New Delhi,,,Unavailable — current AQI unknown,7,check,AQI unavailable; prediction unavailable
Delhi,Rohini,,,Unavailable — current AQI unknown,7,check,AQI unavailable; prediction unavailable
Delhi,Saket,,,Unavailable — current AQI unknown,7,check,AQI unavailable; prediction unavailable
Goa,Mapusa,,,Unavailable — current AQI unknown,7,check,AQI unavailable; prediction unavailable
Goa,Margao,,,Unavailable — current AQI unknown,7,check,AQI unavailable; prediction unavailable
Goa,Panaji,,,Unavailable — current AQI unknown,7,check,AQI unavailable; prediction unavailable
Goa,Ponda,,,Unavailable — current AQI unknown,7,check,AQI unavailable; prediction unavailable
Goa,Vasco da Gama,,,Unavailable — current AQI unknown,7,check,AQI unavailable; prediction unavailable
Gujarat,Ahmedabad,,,Unavailable — current AQI unknown,7,check,AQI unavailable; prediction unavailable
Gujarat,Anand,,,Unavailable — current AQI unknown,7,check,AQI unavailable; prediction unavailable
Gujarat,Bhavnagar,,,Unavailable — current AQI unknown,7,check,AQI unavailable; prediction unavailable
Gujarat,Gandhinagar,,,Unavailable — current AQI unknown,7,check,AQI unavailable; prediction unavailable
Gujarat,Jamnagar,,,Unavailable — current AQI unknown,7,check,AQI unavailable; prediction unavailable
Gujarat,Rajkot,,,Unavailable — current AQI unknown,7,check,AQI unavailable; prediction unavailable
Gujarat,Surat,,,Unavailable — current AQI unknown,7,check,AQI unavailable; prediction unavailable
Gujarat,Vadodara,,,Unavailable — current AQI unknown,7,check,AQI unavailable; prediction unavailable
Haryana,Ambala,,,Unavailable — current AQI unknown,7,check,AQI unavailable; prediction unavailable
Haryana,Faridabad,,,Unavailable — current AQI unknown,7,check,AQI unavailable; prediction unavailable
Haryana,Gurugram,,,Unavailable — current AQI unknown,7,check,AQI unavailable; prediction unavailable
Haryana,Hisar,,,Unavailable — current AQI unknown,7,check,AQI unavailable; prediction unavailable
Haryana,Karnal,,,Unavailable — current AQI unknown,7,check,AQI unavailable; prediction unavailable
Haryana,Panipat,,,Unavailable — current AQI unknown,7,check,AQI unavailable; prediction unavailable
Haryana,Rohtak,,,Unavailable — current AQI unknown,7,check,AQI unavailable; prediction unavailable
Haryana,Sonipat,,,Unavailable — current AQI unknown,7,check,AQI unavailable; prediction unavailable
Himachal Pradesh,Dharamshala,,,Unavailable — current AQI unknown,7,check,AQI unavailable; prediction unavailable
Himachal Pradesh,Kullu,,,Unavailable — current AQI unknown,7,check,AQI unavailable; prediction unavailable
Himachal Pradesh,Manali,,,Unavailable — current AQI unknown,7,check,AQI unavailable; prediction unavailable
Himachal Pradesh,Mandi,,,Unavailable — current AQI unknown,7,check,AQI unavailable; prediction unavailable
Himachal Pradesh,Shimla,,,Unavailable — current AQI unknown,7,check,AQI unavailable; prediction unavailable
Himachal Pradesh,Solan,,,Unavailable — current AQI unknown,7,check,AQI unavailable; prediction unavailable
Jammu and Kashmir,Anantnag,,,Unavailable — current AQI unknown,7,check,AQI unavailable; prediction unavailable
Jammu and Kashmir,Baramulla,,,Unavailable — current AQI unknown,7,check,AQI unavailable; prediction unavailable
Jammu and Kashmir,Jammu,,,Unavailable — current AQI unknown,7,check,AQI unavailable; prediction unavailable
Jammu and Kashmir,Srinagar,,,Unavailable — current AQI unknown,7,check,AQI unavailable; prediction unavailable
Jammu and Kashmir,Udhampur,,,Unavailable — current AQI unknown,7,check,AQI unavailable; prediction unavailable
Jharkhand,Bokaro,,,Unavailable — current AQI unknown,7,check,AQI unavailable; prediction unavailable
Jharkhand,Deoghar,,,Unavailable — current AQI unknown,7,check,AQI unavailable; prediction unavailable
Jharkhand,Dhanbad,,,Unavailable — current AQI unknown,7,check,AQI unavailable; prediction unavailable
Jharkhand,Hazaribagh,,,Unavailable — current AQI unknown,7,check,AQI unavailable; prediction unavailable
Jharkhand,Jamshedpur,,,Unavailable — current AQI unknown,7,check,AQI unavailable; prediction unavailable
Jharkhand,Ranchi,,,Unavailable — current AQI unknown,7,check,AQI unavailable; prediction unavailable
Karnataka,Ballari,,,Unavailable — current AQI unknown,7,check,AQI unavailable; prediction unavailable
Karnataka,Belagavi,,,Unavailable — current AQI unknown,7,check,AQI unavailable; prediction unavailable
Karnataka,Bengaluru,,185,RandomForestRegressor,7,check,AQI AttributeError
Karnataka,Davanagere,,,Unavailable — current AQI unknown,7,check,AQI unavailable; prediction unavailable
Karnataka,Hubballi,108,113,RandomForestRegressor,7,ok,
Karnataka,Mangaluru,,,Unavailable — current AQI unknown,7,check,AQI unavailable; prediction unavailable
Karnataka,Mysuru,,,Unavailable — current AQI unknown,7,check,AQI unavailable; prediction unavailable
Karnataka,Shivamogga,676,500,RandomForestRegressor,7,ok,
Kerala,Alappuzha,,,Unavailable — current AQI unknown,7,check,AQI unavailable; prediction unavailable
Kerala,Kannur,64,90,RandomForestRegressor,7,ok,
Kerala,Kochi,53,91,RandomForestRegressor,7,ok,
Kerala,Kollam,43,90,RandomForestRegressor,7,ok,
Kerala,Kozhikode,97,103,RandomForestRegressor,7,ok,
Kerala,Thiruvananthapuram,56,93,RandomForestRegressor,7,ok,
Kerala,Thrissur,,,Unavailable — current AQI unknown,7,check,AQI unavailable; prediction unavailable
Ladakh,Kargil,,,Unavailable — current AQI unknown,7,check,AQI unavailable; prediction unavailable
Ladakh,Leh,,,Unavailable — current AQI unknown,7,check,AQI unavailable; prediction unavailable
Lakshadweep,Agatti,,,Unavailable — current AQI unknown,7,check,AQI unavailable; prediction unavailable
Lakshadweep,Kavaratti,,,Unavailable — current AQI unknown,7,check,AQI unavailable; prediction unavailable
Lakshadweep,Minicoy,,,Unavailable — current AQI unknown,7,check,AQI unavailable; prediction unavailable
Madhya Pradesh,Bhopal,,,Unavailable — current AQI unknown,7,check,AQI unavailable; prediction unavailable
Madhya Pradesh,Gwalior,,,Unavailable — current AQI unknown,7,check,AQI unavailable; prediction unavailable
Madhya Pradesh,Indore,,,Unavailable — current AQI unknown,7,check,AQI unavailable; prediction unavailable
Madhya Pradesh,Jabalpur,,,Unavailable — current AQI unknown,7,check,AQI unavailable; prediction unavailable
Madhya Pradesh,Rewa,,,Unavailable — current AQI unknown,7,check,AQI unavailable; prediction unavailable
Madhya Pradesh,Sagar,,,Unavailable — current AQI unknown,7,check,AQI unavailable; prediction unavailable
Madhya Pradesh,Satna,,,Unavailable — current AQI unknown,7,check,AQI unavailable; prediction unavailable
Madhya Pradesh,Ujjain,,,Unavailable — current AQI unknown,7,check,AQI unavailable; prediction unavailable
Maharashtra,Amravati,,,Unavailable — current AQI unknown,7,check,AQI unavailable; prediction unavailable
Maharashtra,Aurangabad,,,Unavailable — current AQI unknown,7,check,AQI unavailable; prediction unavailable
Maharashtra,Kolhapur,,,Unavailable — current AQI unknown,7,check,AQI unavailable; prediction unavailable
Maharashtra,Mumbai,121,125,RandomForestRegressor,7,ok,
Maharashtra,Nagpur,,,Unavailable — current AQI unknown,7,check,AQI unavailable; prediction unavailable
Maharashtra,Nashik,,,Unavailable — current AQI unknown,7,check,AQI unavailable; prediction unavailable
Maharashtra,Pimpri-Chinchwad,,,Unavailable — current AQI unknown,7,check,AQI unavailable; prediction unavailable
Maharashtra,Pune,108,112,RandomForestRegressor,7,ok,
Maharashtra,Solapur,,,Unavailable — current AQI unknown,7,check,AQI unavailable; prediction unavailable
Maharashtra,Thane,,,Unavailable — current AQI unknown,7,check,AQI unavailable; prediction unavailable
Manipur,Bishnupur,,,Unavailable — current AQI unknown,7,check,AQI unavailable; prediction unavailable
Manipur,Churachandpur,,,Unavailable — current AQI unknown,7,check,AQI unavailable; prediction unavailable
Manipur,Imphal,,,Unavailable — current AQI unknown,7,check,AQI unavailable; prediction unavailable
Manipur,Thoubal,,,Unavailable — current AQI unknown,7,check,AQI unavailable; prediction unavailable
Meghalaya,Jowai,,,Unavailable — current AQI unknown,7,check,AQI unavailable; prediction unavailable
Meghalaya,Nongstoin,,,Unavailable — current AQI unknown,7,check,AQI unavailable; prediction unavailable
Meghalaya,Shillong,,,Unavailable — current AQI unknown,7,check,AQI unavailable; prediction unavailable
Meghalaya,Tura,,,Unavailable — current AQI unknown,7,check,AQI unavailable; prediction unavailable
Mizoram,Aizawl,,,Unavailable — current AQI unknown,7,check,AQI unavailable; prediction unavailable
Mizoram,Champhai,,,Unavailable — current AQI unknown,7,check,AQI unavailable; prediction unavailable
Mizoram,Lunglei,,,Unavailable — current AQI unknown,7,check,AQI unavailable; prediction unavailable
Mizoram,Serchhip,,,Unavailable — current AQI unknown,7,check,AQI unavailable; prediction unavailable
Nagaland,Dimapur,,,Unavailable — current AQI unknown,7,check,AQI unavailable; prediction unavailable
Nagaland,Kohima,,,Unavailable — current AQI unknown,7,check,AQI unavailable; prediction unavailable
Nagaland,Mokokchung,,,Unavailable — current AQI unknown,7,check,AQI unavailable; prediction unavailable
Nagaland,Wokha,,,Unavailable — current AQI unknown,7,check,AQI unavailable; prediction unavailable
Odisha,Berhampur,,,Unavailable — current AQI unknown,7,check,AQI unavailable; prediction unavailable
Odisha,Bhubaneswar,,,Unavailable — current AQI unknown,7,check,AQI unavailable; prediction unavailable
Odisha,Cuttack,,,Unavailable — current AQI unknown,7,check,AQI unavailable; prediction unavailable
Odisha,Puri,,,Unavailable — current AQI unknown,7,check,AQI unavailable; prediction unavailable
Odisha,Rourkela,,,Unavailable — current AQI unknown,7,check,AQI unavailable; prediction unavailable
Odisha,Sambalpur,,,Unavailable — current AQI unknown,7,check,AQI unavailable; prediction unavailable
Puducherry,Karaikal,,,Unavailable — current AQI unknown,7,check,AQI unavailable; prediction unavailable
Puducherry,Mahe,,,Unavailable — current AQI unknown,7,check,AQI unavailable; prediction unavailable
Puducherry,Puducherry,,,Unavailable — current AQI unknown,7,check,AQI unavailable; prediction unavailable
Puducherry,Yanam,,,Unavailable — current AQI unknown,7,check,AQI unavailable; prediction unavailable
Punjab,Amritsar,,,Unavailable — current AQI unknown,7,check,AQI unavailable; prediction unavailable
Punjab,Bathinda,,,Unavailable — current AQI unknown,7,check,AQI unavailable; prediction unavailable
Punjab,Jalandhar,,,Unavailable — current AQI unknown,7,check,AQI unavailable; prediction unavailable
Punjab,Ludhiana,,,Unavailable — current AQI unknown,7,check,AQI unavailable; prediction unavailable
Punjab,Mohali,,,Unavailable — current AQI unknown,7,check,AQI unavailable; prediction unavailable
Punjab,Pathankot,,,Unavailable — current AQI unknown,7,check,AQI unavailable; prediction unavailable
Punjab,Patiala,,,Unavailable — current AQI unknown,7,check,AQI unavailable; prediction unavailable
Rajasthan,Ajmer,,,Unavailable — current AQI unknown,7,check,AQI unavailable; prediction unavailable
Rajasthan,Alwar,,,Unavailable — current AQI unknown,7,check,AQI unavailable; prediction unavailable
Rajasthan,Bhilwara,,,Unavailable — current AQI unknown,7,check,AQI unavailable; prediction unavailable
Rajasthan,Bikaner,,,Unavailable — current AQI unknown,7,check,AQI unavailable; prediction unavailable
Rajasthan,Jaipur,,,Unavailable — current AQI unknown,7,check,AQI unavailable; prediction unavailable
Rajasthan,Jodhpur,,,Unavailable — current AQI unknown,7,check,AQI unavailable; prediction unavailable
Rajasthan,Kota,,,Unavailable — current AQI unknown,7,check,AQI unavailable; prediction unavailable
Rajasthan,Udaipur,,,Unavailable — current AQI unknown,7,check,AQI unavailable; prediction unavailable
Sikkim,Gangtok,,,Unavailable — current AQI unknown,7,check,AQI unavailable; prediction unavailable
Sikkim,Gyalshing,,,Unavailable — current AQI unknown,7,check,AQI unavailable; prediction unavailable
Sikkim,Mangan,,,Unavailable — current AQI unknown,7,check,AQI unavailable; prediction unavailable
Sikkim,Namchi,,,Unavailable — current AQI unknown,7,check,AQI unavailable; prediction unavailable
Tamil Nadu,Chennai,,,Unavailable — current AQI unknown,7,check,AQI unavailable; prediction unavailable
Tamil Nadu,Coimbatore,,,Unavailable — current AQI unknown,7,check,AQI unavailable; prediction unavailable
Tamil Nadu,Erode,,,Unavailable — current AQI unknown,7,check,AQI unavailable; prediction unavailable
Tamil Nadu,Madurai,,,Unavailable — current AQI unknown,7,check,AQI unavailable; prediction unavailable
Tamil Nadu,Salem,,,Unavailable — current AQI unknown,7,check,AQI unavailable; prediction unavailable
Tamil Nadu,Tiruchirappalli,,,Unavailable — current AQI unknown,7,check,AQI unavailable; prediction unavailable
Tamil Nadu,Tirunelveli,,,Unavailable — current AQI unknown,7,check,AQI unavailable; prediction unavailable
Tamil Nadu,Vellore,,,Unavailable — current AQI unknown,7,check,AQI unavailable; prediction unavailable
Telangana,Hyderabad,,,Unavailable — current AQI unknown,7,check,AQI unavailable; prediction unavailable
Telangana,Karimnagar,,,Unavailable — current AQI unknown,7,check,AQI unavailable; prediction unavailable
Telangana,Khammam,,,Unavailable — current AQI unknown,7,check,AQI unavailable; prediction unavailable
Telangana,Nizamabad,,,Unavailable — current AQI unknown,7,check,AQI unavailable; prediction unavailable
Telangana,Ramagundam,,,Unavailable — current AQI unknown,7,check,AQI unavailable; prediction unavailable
Telangana,Warangal,,,Unavailable — current AQI unknown,7,check,AQI unavailable; prediction unavailable
Tripura,Agartala,,,Unavailable — current AQI unknown,7,check,AQI unavailable; prediction unavailable
Tripura,Dharmanagar,,,Unavailable — current AQI unknown,7,check,AQI unavailable; prediction unavailable
Tripura,Kailashahar,,,Unavailable — current AQI unknown,7,check,AQI unavailable; prediction unavailable
Tripura,Udaipur,,,Unavailable — current AQI unknown,7,check,AQI unavailable; prediction unavailable
Uttar Pradesh,Agra,,,Unavailable — current AQI unknown,7,check,AQI unavailable; prediction unavailable
Uttar Pradesh,Bareilly,,,Unavailable — current AQI unknown,7,check,AQI unavailable; prediction unavailable
Uttar Pradesh,Ghaziabad,,,Unavailable — current AQI unknown,7,check,AQI unavailable; prediction unavailable
Uttar Pradesh,Gorakhpur,,,Unavailable — current AQI unknown,7,check,AQI unavailable; prediction unavailable
Uttar Pradesh,Kanpur,,,Unavailable — current AQI unknown,7,check,AQI unavailable; prediction unavailable
Uttar Pradesh,Lucknow,,,Unavailable — current AQI unknown,7,check,AQI unavailable; prediction unavailable
Uttar Pradesh,Meerut,,,Unavailable — current AQI unknown,7,check,AQI unavailable; prediction unavailable
Uttar Pradesh,Noida,,,Unavailable — current AQI unknown,7,check,AQI unavailable; prediction unavailable
Uttar Pradesh,Prayagraj,,,Unavailable — current AQI unknown,7,check,AQI unavailable; prediction unavailable
Uttar Pradesh,Varanasi,,,Unavailable — current AQI unknown,7,check,AQI unavailable; prediction unavailable
Uttarakhand,Dehradun,,,Unavailable — current AQI unknown,7,check,AQI unavailable; prediction unavailable
Uttarakhand,Haldwani,,,Unavailable — current AQI unknown,7,check,AQI unavailable; prediction unavailable
Uttarakhand,Haridwar,,,Unavailable — current AQI unknown,7,check,AQI unavailable; prediction unavailable
Uttarakhand,Nainital,,,Unavailable — current AQI unknown,7,check,AQI unavailable; prediction unavailable
Uttarakhand,Rishikesh,,,Unavailable — current AQI unknown,7,check,AQI unavailable; prediction unavailable
Uttarakhand,Roorkee,,,Unavailable — current AQI unknown,7,check,AQI unavailable; prediction unavailable
West Bengal,Asansol,,,Unavailable — current AQI unknown,7,check,AQI unavailable; prediction unavailable
West Bengal,Bardhaman,,,Unavailable — current AQI unknown,7,check,AQI unavailable; prediction unavailable
West Bengal,Durgapur,,,Unavailable — current AQI unknown,7,check,AQI unavailable; prediction unavailable
West Bengal,Howrah,,,Unavailable — current AQI unknown,7,check,AQI unavailable; prediction unavailable
West Bengal,Kharagpur,,,Unavailable — current AQI unknown,7,check,AQI unavailable; prediction unavailable
West Bengal,Kolkata,,,Unavailable — current AQI unknown,7,check,AQI unavailable; prediction unavailable
West Bengal,Siliguri,,,Unavailable — current AQI unknown,7,check,AQI unavailable; prediction unavailable
